symbol,cik,events
ECAT,0001864843,117
BIGZ,0001836057,114
TTSH,0001552800,97
DGICA,0000800457,68
MAV,0001258943,56
MHI,0001223026,53
PBF,0001534504,53
ENX,0001177162,51
MPA,0000891038,50
PFBX,0000770460,49
EMO,0001517518,49
BMEZ,0001785971,49
AXR,0000006207,46
FXNC,0000719402,45
NRGX,0001756908,45
SFBC,0001541119,42
NYC,0001595527,41
GABC,0000714395,40
BWFG,0001505732,40
BFZ,0001137391,40
GLSI,0001799788,38
TCBI,0001077428,38
CSPI,0000356037,38
CSBB,0000880417,37
CTRN,0001318484,37
PCB,0001423869,36
TLYS,0001524025,36
FFIN,0000036029,35
EVM,0001177161,35
GRX,0001391437,35
MIO,0001864290,35
GRNT,0001928446,34
MPB,0000879635,33
NQP,0000870780,33
TRST,0000357301,32
SCWX,0001468666,32
BCAT,0001809541,32
MDRR,0001654595,30
NXJ,0001087786,30
APPN,0001441683,29
CULP,0000723603,29
BXSY,0001059213,29
HTLD,0000799233,28
PSEC,0001287032,28
ACDC,0001881487,28
CEM,0001488775,28
ASA,0001230869,28
BUSE,0000314489,26
PEO,0000216851,26
CTR,0001547341,26
NMAI,0001861115,26
FMBM,0000740806,25
BCBP,0001228454,25
FBK,0001649749,25
MEGI,0001855066,25
QRHC,0001442236,25
GLP,0001323468,25
TBBK,0001295401,24
NEWT,0001587987,24
BPRN,0001913971,24
NVCT,0001875558,24
WLKP,0001604665,23
HQL,0000884121,23
SRBK,0001951276,23
LGF,0000929351,23
FRST,0001325670,22
ONEW,0001772921,22
NMFC,0001496099,22
BSBK,0001787414,22
SLND,0001883814,22
FRD,0000039092,22
FNKO,0001704711,22
KSM,0000846596,22
VTN,0000883265,22
VPV,0000895528,22
ACR,0001332551,21
CODI,0001345126,21
REFLX,0001896329,21
BY,0001702750,21
OVLY,0001431567,21
RMAX,0001581091,21
PEB,0001474098,21
WEST,0001806347,21
QNBC,0000750558,21
PVBC,0001778784,21
STAA,0000718937,21
CBKM,0001006830,20
ISSC,0000836690,20
UBFO,0001137547,20
HWBK,0000893847,20
DMF,0000839122,20
SUNS,0002012706,20
RANI,0001856725,19
KDP,0001418135,19
NWBI,0001471265,19
CTBI,0000350852,19
FSK,0001422183,19
BRT,0000014846,19
GAM,0000040417,19
BATRA,0001958140,19
RILY,0001464790,18
CFFN,0001490906,18
ET,0001276187,18
ATSG,0000894081,18
EML,0000031107,18
DMA,0001523289,18
HQI,0001140102,17
GUG,0001864208,17
SNDA,0001043000,17
SFST,0001090009,17
CMTV,0000718413,17
USCB,0001901637,17
HLF,0001180262,17
NKSH,0000796534,17
PLSE,0001625101,17
FLWS,0001084869,17
NBBK,0001979330,17
MNSB,0001693577,16
PNNT,0001383414,16
TCBX,0001781730,16
CION,0001534254,16
JANL,0001133062,16
CAPIX,0001937073,16
MODV,0001220754,16
FMN,0001199004,16
PTWO,0001930313,16
ZYME,0001937653,15
RXRX,0001601830,15
ISBA,0000842517,15
JUVF,0000714712,15
ASYS,0000720500,15
PFX,0001490349,15
LNKB,0001756701,15
FYBR,0000020520,15
HHS,0000045919,15
CRGY,0001866175,15
NPCT,0001835068,15
BHVN,0001935979,15
RBB,0001499422,15
TALO,0001724965,15
MACK,0001274792,14
NXDT,0001356115,14
FMNB,0000709337,14
SHBI,0001035092,14
WTBA,0001166928,14
AMH,0001562401,14
MYE,0000069488,14
KRNY,0001617242,14
ALTG,0001759824,14
ABR,0001253986,14
MTDR,0001520006,14
HEAR,0001493761,14
BOC,0001494582,14
AHH,0001569187,14
BHRB,0001964333,14
RXO,0001929561,14
BYON,0001130713,14
ASGI,0001793855,14
AESI,0001984060,14
JYNT,0001612630,13
INTC,0000050863,13
VERA,0001831828,13
APLE,0001418121,13
FNWB,0001556727,13
FSBC,0001275168,13
EQBK,0001227500,13
MRBK,0001750735,13
THRY,0001556739,13
NWFL,0001013272,13
WSC,0001647088,13
AVD,0000005981,13
SZL.AX,0001662991,13
LCNB,0001074902,13
MPAA,0000918251,13
ASLE,0001754170,13
AUID,0001534154,13
HSON,0001210708,12
JELD,0001674335,12
PKBK,0001315399,12
CCNE,0000736772,12
BRKL,0001049782,12
FNWD,0000919864,12
BOTJ,0001275101,12
RGCO,0001069533,12
FRAF,0000723646,12
CIVB,0000944745,12
GER,0001612875,12
GO,0001771515,12
ISDR,0000843006,12
TRIN,0001786108,12
THFF,0000714562,12
PEBO,0000318300,12
RWAY,0001653384,12
LSXMA,0001560385,12
CLF,0000764065,12
ATLO,0001132651,12
LSBK,0001341318,12
COFS,0000803164,12
ECBK,0001914605,12
OUST,0001816581,12
EHAB,0001803737,12
RCEL,0001762303,12
MCFT,0001638290,12
VSTS,0001967649,12
KALV,0001348911,12
CET,0000018748,11
NEOG,0000711377,11
BANC,0001169770,11
UVSP,0000102212,11
ORRF,0000826154,11
VFC,0000103379,11
ASTC,0001001907,11
RRGB,0001171759,11
PRGO,0001585364,11
HR,0001360604,11
MBIN,0001629019,11
BBDC,0001379785,11
SOFI,0001818874,11
PBPB,0001195734,11
JMSB,0001710482,11
VTS,0001944558,11
EMYB,0001449794,11
FG,0001934850,11
MOFG,0001412665,11
OPOF,0000740971,11
AVDL,0001012477,11
MODG,0000837465,11
RM,0001519401,11
GBDC,0001476765,11
RMCF,0001616262,11
DBD,0000028823,11
MIRM,0001759425,11
SEZL,0001662991,11
LSXMK,0001560385,11
TMCI,0001630627,11
SER,0001708599,11
INBX,0002007919,11
PDX,0001756908,11
CORZ,0001839341,11
PMT,0001464423,10
XOMA,0000791908,10
YORW,0000108985,10
MSBI,0001466026,10
PWOD,0000716605,10
LARK,0001141688,10
UFCS,0000101199,10
BSM,0001621434,10
ELAN,0001739104,10
RC,0001527590,10
ATEC,0001350653,10
DOMO,0001505952,10
CVBF,0000354647,10
QCRH,0000906465,10
CBNK,0001419536,10
UEIC,0000101984,10
PINE,0001786117,10
HBT,0000775215,10
DK,0001694426,10
LILA,0001712184,10
BFST,0001624322,10
FSCO,0001568194,10
TISI,0000318833,10
FTHY,0001810523,10
CCFN,0000731122,10
CWBC,0001127371,10
GNTY,0001058867,9
HPK,0001792849,9
SMBK,0001038773,9
NBTB,0000790359,9
GCBC,0001070524,9
SMMF,0000811808,9
ALRS,0000903419,9
OPBK,0001722010,9
CVLY,0000806279,9
MTW,0000061986,9
GLQ,0001316463,9
FRBBX,0001925779,9
EPSN,0001726126,9
GEL,0001022321,9
FPI,0001591670,9
CECO,0000003197,9
ENVX,0001828318,9
AROW,0000717538,9
LEE,0000058361,9
NRIM,0001163370,9
OEC,0001609804,9
CRK,0000023194,9
OCFC,0001004702,9
BHLB,0001108134,9
BFS,0000907254,9
UPBD,0000933036,9
MBCN,0000836147,9
CLST,0001849867,9
CZR,0001590895,9
EGBN,0001050441,9
HI,0001417398,9
FDBC,0001098151,9
SPFI,0001163668,9
UTZ,0001739566,9
ULBI,0000875657,9
STCN,0000914712,9
MBLY,0001910139,9
HROW,0001360214,9
CCIF,0001517767,9
MATV,0001000623,9
HAIN,0000910406,9
CSBR,0000771856,9
RELL,0000355948,9
FROPX,0001732078,9
PCSZX,0001995940,9
CMCO,0001005229,9
APEI,0001201792,9
OCSL,0001414932,8
LOVE,0001701758,8
COLB,0000887343,8
IVAC,0001001902,8
PLAY,0001525769,8
GRF,0000850027,8
DAL,0000027904,8
VOXX,0000807707,8
UFI,0000100726,8
INBK,0001562463,8
EBTC,0001018399,8
HTLF,0000920112,8
DMLP,0001172358,8
SLRC,0001418076,8
CBAN,0000711669,8
PFS,0001178970,8
APPS,0000317788,8
PCF,0000810943,8
SFNC,0000090498,8
RRBI,0001071236,8
PBHC,0001609065,8
TRS,0000842633,8
BFH,0001101215,8
FLIC,0000740663,8
TFIN,0001539638,8
FAT,0001705012,8
BKTI,0000002186,8
TNDM,0001438133,8
DCOM,0000846617,8
IE,0001879016,8
NTST,0001798100,8
CLFD,0000796505,8
DKL,0001552797,8
AAOI,0001158114,8
MRCY,0001049521,8
PENN,0000921738,8
NMRA,0001885522,8
IMNM,0001472012,8
SBGI,0001971213,8
SNBR,0000827187,8
HRTG,0001598665,8
ORN,0001402829,8
FLNC,0001868941,8
XIVYX,0001976685,8
VCRDX,0001812286,8
NE,0001895262,8
TCPC,0001370755,8
ZBIO,0001953926,8
SEPN,0001984086,8
OCTIX,0002000645,8
AWF,0000906013,7
CZNC,0000810958,7
LCRDX,0001753712,7
TREE,0001434621,7
WSBC,0000203596,7
CIZN,0001075706,7
FKYS,0000737875,7
FISI,0000862831,7
MLYS,0001933414,7
AFBI,0001823406,7
NXG,0001506488,7
LAZY,0001721741,7
FMAO,0000792966,7
SPOK,0001289945,7
WSR,0001175535,7
SM,0000893538,7
GECC,0001675033,7
XAIR,0001641631,7
GBCI,0000868671,7
PGC,0001050743,7
RAND,0000081955,7
GWRS,0001434728,7
BANX,0001578987,7
ISTR,0001602658,7
BW,0001630805,7
KYN,0001293613,7
ETNB,0001785173,7
GME,0001326380,7
STRW,0001782430,7
DNP,0000806628,7
WOLF,0000895419,7
HTBI,0001538263,7
SAFE,0001095651,7
TBI,0000768899,7
ACNB,0000715579,7
SELF,0001031235,7
WGS,0001818331,7
TCBS,0001849466,7
CGBD,0001544206,7
GTES,0001718512,7
RSVR,0001824403,7
ESSA,0001382230,7
ACIC,0001401521,7
EVBN,0000842518,7
DAR,0000916540,7
XRAY,0000818479,7
EYPT,0001314102,7
HNVR,0001828588,7
TBRG,0001169445,7
GENK,0001891856,7
LEG,0000058492,7
SHEN,0000354963,7
ACNT,0000095953,7
LGCY,0001836754,7
CTGO,0001502377,7
CSV,0001016281,6
FEIM,0000039020,6
MLVF,0001550603,6
PHAT,0001783183,6
FCF,0000712537,6
BLFY,0001846017,6
OBNK,0001516912,6
IBCP,0000039311,6
SBSI,0000705432,6
WMPN,0001828376,6
PDLB,0001874071,6
VBTX,0001501570,6
EMBC,0001872789,6
BHM,0001903382,6
VPG,0001487952,6
VABK,0001572334,6
CTO,0000023795,6
CVCY,0001127371,6
CFBK,0001070680,6
CHMG,0000763563,6
AAT,0001500217,6
TSLX,0001508655,6
MCB,0001476034,6
ABCB,0000351569,6
TGI,0001021162,6
INVA,0001080014,6
TRUL,0001754195,6
KEY,0000091576,6
WHF,0001552198,6
AEYE,0001362190,6
BKSC,0001007273,6
INFU,0001337013,6
INMB,0001711754,6
EVA,0001592057,6
NLCP,0001854964,6
WBA,0001618921,6
USGO,0001947244,6
ZION,0000109380,6
SNV,0000018349,6
HMST,0001518715,6
SGC,0000095574,6
ZVRA,0001434647,6
AKRO,0001744659,6
OPAL,0001842279,6
HNNA,0001145255,6
NFE,0001749723,6
WBD,0001437107,6
NSA,0001618563,6
EP,0000887396,6
AES,0000874761,6
XPOF,0001802156,6
CBU,0000723188,6
VVV,0001674910,6
BRID,0000014177,6
GATO,0001517006,6
NFBK,0001493225,6
MEI,0000065270,6
CTLP,0000896429,6
ACHR,0001824502,6
TRML,0001827506,6
CSWC,0000017313,6
MEC,0001766368,6
VVX,0001601548,6
AMRC,0001488139,6
TXO,0001559432,6
VYX,0000070866,6
CEV,0001074692,6
XFLT,0001703079,6
CPZ,0001717457,6
AMCR,0001748790,6
WES,0001423902,6
CPSI,0001169445,6
TRDA,0001689375,6
NAMS,0001936258,6
MXF,0000065433,6
MAC,0000912242,6
HUMA,0001818382,6
AFB,0001162027,6
KBDC,0001747172,6
ZIVO,0001101026,6
SPMC,0001930147,6
BEN,0000038777,6
RNAC,0001453687,6
MERC,0001333274,6
DINO,0001915657,6
ALTI,0001838615,5
NREF,0001786248,5
CMTL,0000023197,5
PAXS,0001886878,5
SODI,0000091668,5
MBWM,0001042729,5
FNB,0000037808,5
GCO,0000018498,5
STEL,0001473844,5
GLO,0001350869,5
CMPR,0001262976,5
PGRE,0001605607,5
WWW,0000110471,5
BNL,0001424182,5
GHI,0001059142,5
CMPO,0001823144,5
GLDD,0001372020,5
UHT,0000798783,5
MVBF,0001277902,5
FBNC,0000811589,5
SMBC,0000916907,5
BXMT,0001061630,5
VST,0001692819,5
VRDN,0001590750,5
ATEX,0001304492,5
VLY,0000714310,5
STGW,0000876883,5
TFC,0000092230,5
AMPY,0001533924,5
KEQU,0000055529,5
EPD,0001061219,5
TDW,0000098222,5
CVGW,0001133470,5
DNIF,0001059213,5
COSM,0001474167,5
ENBP,0001437479,5
USB,0000036104,5
DPG,0001515671,5
PLBC,0001168455,5
PBBK,0001849670,5
RMBI,0001767837,5
B,0000009984,5
FHN,0000036966,5
EWBC,0001069157,5
WNEB,0001157647,5
GPRE,0001309402,5
VNO,0000899689,5
AFCG,0001822523,5
RCKY,0000895456,5
FARO,0000917491,5
PFIS,0001056943,5
UBSI,0000729986,5
CMCT,0000908311,5
YMAB,0001722964,5
EYE,0001710155,5
BGSF,0001474903,5
BOWL,0001840572,5
MP,0001801368,5
SLNO,0001484565,5
REYN,0001786431,5
CNX,0001070412,5
TCBC,0001850398,5
FCPT,0001650132,5
GTN,0000043196,5
IGMS,0001496323,5
KGS,0001767042,5
PLCE,0001041859,5
JANX,0001817713,5
SHYF,0000743238,5
THR,0001489096,5
LTH,0001869198,5
OPCH,0001014739,5
MX,0001325702,5
ALGM,0000866291,5
MOND,0001828852,5
ABL,0001814287,5
GRND,0001820144,5
DNTH,0001690585,5
VSCO,0001856437,5
HQH,0000805267,5
CART,0001579091,5
STRUX,0001957892,5
OSTK,0001130713,5
NVST,0001757073,5
PETS,0001040130,5
ERII,0001421517,5
TPVG,0001580345,5
KLG,0001959348,5
YUMC,0001673358,5
XHFIX,0001903070,5
PESI,0000891532,5
PSBD,0001794776,5
ESOA,0001357971,5
HNRG,0000788965,5
MASS,0001555279,5
CPNG,0001834584,5
ASMB,0001426800,5
GDV,0001260729,5
WBTN,0001997859,5
ZD,0001084048,5
FVR,0001988494,5
SIRI,0000908937,5
AAP,0001158449,5
CVI,0001376139,5
MRP,0002017206,5
GSAT,0001366868,5
BCOV,0001313275,4
UMH,0000752642,4
SRRK,0001727196,4
CVV,0000766792,4
ETO,0001281926,4
UNTY,0000920427,4
MBC,0001941365,4
OBIO,0001814114,4
SPE,0000897802,4
PYCR,0001839439,4
DISH,0001001082,4
CSTR,0001676479,4
MEG,0001643615,4
ECVT,0001708035,4
ABST,0001071058,4
NSTG,0001401708,4
ZIMV,0001876588,4
ACRS,0001557746,4
HIPO,0001828105,4
CNOB,0000712771,4
WAFD,0000936528,4
CHEF,0001517175,4
CHCT,0001631569,4
DAVE,0001841408,4
TIPT,0001393726,4
MCBS,0001747068,4
SRCE,0000034782,4
AXTA,0001616862,4
GH,0001576280,4
CLDT,0001476045,4
HASI,0001561894,4
AMAM,0001836056,4
ARCC,0001287750,4
CBFV,0001605301,4
AE,0000002178,4
SHCO,0001846510,4
HPP,0001482512,4
AIRC,0001820877,4
TITN,0001409171,4
KFS,0001072627,4
UNFI,0001020859,4
CWEN,0001567683,4
KNTK,0001692787,4
SOR,0000091847,4
RMBL,0001596961,4
SFBS,0001430723,4
FNLC,0000765207,4
HFWA,0001046025,4
BSET,0000010329,4
EBMT,0001478454,4
BOH,0000046195,4
BMRC,0001403475,4
TRNR,0001785056,4
CALB,0001752036,4
IROQ,0001514743,4
IBTX,0001564618,4
CCBG,0000726601,4
DTM,0001842022,4
PFE,0000078003,4
CWBC,0001051343,4
HBB,0001709164,4
BRBS,0000842717,4
FLL,0000891482,4
BWB,0001341317,4
LAZR,0001758057,4
AVNW,0001377789,4
RPRX,0001802768,4
CAPL,0001538849,4
BLFS,0000834365,4
ORCC,0001655888,4
FSEA,0001943802,4
PRAA,0001185348,4
UBCP,0000731653,4
KRO,0001257640,4
ATMU,0001921963,4
MGYR,0001337068,4
ECC,0001604174,4
IART,0000917520,4
AMPS,0001828723,4
ASG,0000786035,4
PMTS,0001641614,4
BDTX,0001701541,4
RCUS,0001724521,4
BMN,0001832871,4
NZF,0001137887,4
PMM,0000844790,4
VRCA,0001660334,4
GLPI,0001575965,4
ASPN,0001145986,4
NVRI,0000045876,4
PKOH,0000076282,4
LYFT,0001759509,4
FBIO,0001429260,4
BHR,0001574085,4
SOWG,0001490161,4
JFR,0001276533,4
OLMA,0001750284,4
NAD,0001083839,4
COTY,0001024305,4
LEGH,0001436208,4
ALIT,0001809104,4
CCLFX,0001735964,4
HPF,0001189740,4
HPI,0001176199,4
PDT,0000855886,4
HTD,0001260041,4
HPS,0001215913,4
JHI,0000759828,4
JHS,0000759866,4
HEQ,0001496749,4
WDI,0001819559,4
CZFS,0000739421,4
CELFX,0001842754,4
TEX,0000097216,4
MG,0001436126,4
UHG,0001830188,4
KMPR,0000860748,4
LQDA,0001819576,4
SNCR,0001131554,4
THQ,0001604522,4
CRBP,0001595097,4
MNKTQ,0001567892,4
ANRO,0001999480,4
SOC,0001831481,4
GT,0000042582,4
STRT,0000933034,4
GOGO,0001537054,4
OBDC,0001655888,4
HRZN,0001487428,4
PHUN,0001665300,4
BTSG,0001865782,4
CDLX,0001666071,4
PX,0001841968,4
UUUU,0001385849,4
RICK,0000935419,4
BGS,0001278027,4
BCRX,0000882796,4
GNT,0001438893,4
FOXF,0001424929,4
LAKE,0000798081,4
DENN,0000852772,4
CIM,0001409493,4
ADVM,0001501756,4
CVRX,0001235912,4
PCRX,0001396814,4
XPER,0001788999,4
TLSI,0001826667,4
UCTT,0001275014,4
BNTC,0001808898,4
WHLRD,0001527541,4
MDBH,0001934642,4
PCG,0001004980,4
ONTF,0001110611,4
VG,0002007855,4
UTI,0001261654,3
VIR,0001706431,3
TAKMX,0001725472,3
FULC,0001680581,3
AURA,0001501796,3
PDO,0001798618,3
FATE,0001434316,3
NGM,0001426332,3
MGNX,0001125345,3
DCPH,0001654151,3
WLDN,0001370450,3
RDFN,0001382821,3
GAIN,0001321741,3
LGTO,0001883814,3
RXST,0001111485,3
UTG,0001263994,3
LNC,0000059558,3
NWL,0000814453,3
FCCO,0000932781,3
IDR,0001030192,3
PUMP,0001680247,3
PATI,0001616741,3
HYB,0000825345,3
PEAK,0000765880,3
RIG,0001451505,3
AUPH,0001600620,3
IHRT,0001400891,3
HTBK,0001053352,3
HFBL,0001500375,3
SAVA,0001069530,3
ICCH,0001681903,3
CVGI,0001290900,3
ASB,0000007789,3
BSVN,0001746129,3
OXLC,0001495222,3
CUBI,0001488813,3
AX,0001299709,3
FITB,0000035527,3
CLBK,0001723596,3
BATRA,0001560385,3
AESI,0001910950,3
GTLB,0001653482,3
AM,0001623925,3
PDM,0001042776,3
FUSB,0000717806,3
PRDEX,0001568905,3
SBFG,0000767405,3
EGLE,0001322439,3
FMBH,0000700565,3
HIW,0000921082,3
FBIZ,0001521951,3
HMNF,0000921183,3
TRC,0000096869,3
CQP,0001383650,3
ISD,0001534880,3
GHY,0001554697,3
CMT,0001026655,3
RNST,0000715072,3
REPX,0001001614,3
CFG,0000759944,3
CASS,0000708781,3
BANR,0000946673,3
KREF,0001631596,3
FIBK,0000860413,3
STBA,0000719220,3
CZWI,0001367859,3
ONB,0000707179,3
ADT,0001703056,3
MORF,0001679363,3
VIRT,0001592386,3
OBT,0001754226,3
HAFC,0001109242,3
SSBK,0001689731,3
MLKN,0000066382,3
HONE,0001769617,3
LC,0001409970,3
HTGC,0001280784,3
INVE,0001036044,3
TSN,0000100493,3
PLOW,0001287213,3
NRDS,0001625278,3
SIX,0000701374,3
CPE,0000928022,3
TCFC,0000855874,3
TPB,0001290677,3
LOB,0001462120,3
FSTR,0000352825,3
FET,0001401257,3
FTHM,0001753162,3
QNST,0001117297,3
TECTP,0001766526,3
RF,0001281761,3
SPNT,0001576018,3
CIX,0001049606,3
DXR,0000027367,3
ABCL,0001703057,3
STEP,0001796022,3
AUBN,0000750574,3
EHTH,0001333493,3
EVBG,0001437352,3
STKL,0000351834,3
MTCH,0000891103,3
HUN,0001307954,3
ZUMZ,0001318008,3
USA,0000799195,3
LSEA,0001721386,3
TAKAX,0001725472,3
USQIX,0001691570,3
PMO,0000900422,3
BMC,0000351786,3
SRV,0001400897,3
ORI,0000074260,3
PTSI,0000798287,3
CERE,0001805387,3
LOCO,0001606366,3
BJRI,0001013488,3
TSVT,0001860782,3
OSPN,0001044777,3
PHIN,0001968915,3
OABI,0001846253,3
RYI,0001481582,3
EVT,0001253327,3
ETG,0001270523,3
SKIN,0001818093,3
AXGN,0000805928,3
FTRE,0001965040,3
WTFC,0001015328,3
HSDT,0001610853,3
SBRA,0001492298,3
AMBC,0000874501,3
HRL,0000048465,3
TSE,0001519061,3
HURC,0000315374,3
IOVA,0001425205,3
SBOW,0000351817,3
IRWD,0001446847,3
TAKIX,0001725472,3
CMP,0001227654,3
TWN,0000804123,3
ORC,0001518621,3
AEHR,0001040470,3
BTO,0000925683,3
ATXS,0001454789,3
HOMB,0001331520,3
NVG,0001090116,3
FMFG,0001698022,3
LXFR,0001096056,3
LTC,0000887905,3
CNP,0001130310,3
AAN,0001821393,3
CRGX,0001966494,3
HG,0001593275,3
GPMT,0001703644,3
GDRX,0001809519,3
ESTA,0001688757,3
BMY,0000014272,3
BV,0001734713,3
LIND,0001512499,3
ATNI,0000879585,3
ELMD,0001488917,3
EXEL,0000939767,3
TCRX,0001783328,3
CDP,0000860546,3
FLO,0001128928,3
VFL,0000895574,3
THW,0001635977,3
NCDL,0001737924,3
PMFAX,0001723701,3
KYTX,0001994702,3
SPHR,0001795250,3
LMND,0001691421,3
SATS,0001415404,3
PLYM,0001515816,3
BHB,0000743367,3
LENZ,0001815776,3
CPEFX,0001864609,3
CTRI,0001981599,3
PAL,0001998768,3
KMT,0000055242,3
NN,0001865631,3
GBLI,0001494904,3
GHLD,0001821160,3
CMTG,0001666291,3
PRVA,0001759655,3
CRC,0001609253,3
BL,0001666134,3
ARR,0001428205,3
ECOR,0001560258,3
RAPP,0002012593,3
BNED,0001634117,3
HSII,0001066605,3
NAGRX,0001990685,3
TDOC,0001477449,3
OI,0000812074,3
BLMN,0001546417,3
MFIC,0001278752,3
KTOS,0001069258,3
FF,0001337298,3
OBDE,0001807427,3
AOMR,0001766478,3
IMMR,0001058811,3
HKHC,0000088000,3
PR,0001658566,3
MBX,0001776111,3
CRMT,0000799850,3
LUCY,0001808377,3
BIOA,0001709941,3
HP,0000046765,3
COYA,0001835022,3
OSCR,0001568651,3
SEDG,0001419612,3
PMF,0001140392,3
FGF,0001591890,3
MMD,0001518557,3
MNR,0001980088,3
DOW,0001751788,3
SCISX,0002015849,3
BZH,0000915840,3
MITK,0000807863,3
SON,0000091767,3
FMC,0000037785,3
GF,0000858706,3
SEI,0001697500,3
PDYN,0001826681,3
RDW,0001819810,3
TREIX,0001854370,2
TGTX,0001001316,2
COIN,0001679788,2
LFHAX,0001802293,2
RA,0001655099,2
KYMR,0001815442,2
DHHC,0001830188,2
GRX.G,0001391437,2
TAYD,0000096536,2
TRMK,0000036146,2
ADX,0000002230,2
FCAP,0001070296,2
PACW,0001102112,2
FULT,0000700564,2
QNTO,0001391933,2
IRON,0001816736,2
NICK,0001000045,2
BFIN,0001303942,2
SRCL,0000861878,2
GSHD,0001726978,2
COMM,0001517228,2
OGE,0001021635,2
DLHC,0000785557,2
VICR,0000751978,2
TWKS,0001866550,2
X,0001163302,2
GOOD,0001234006,2
PNTG,0001766400,2
REZI,0001740332,2
BAND,0001514416,2
WTRG,0000078128,2
TGLS,0001534675,2
RVMD,0001628171,2
NECB,0001847398,2
CCB,0001437958,2
CFB,0001458412,2
RYAN,0001849253,2
ACT,0001823529,2
EFSI,0000880641,2
BELFB,0000729580,2
HOPE,0001128361,2
MCG,0001846510,2
ETRN,0001747009,2
STR,0001949543,2
FFIC,0000923139,2
MNK,0001567892,2
REFI,0001867949,2
UAL,0000100517,2
ARHS,0001875444,2
CASH,0000907471,2
VNOM,0001602065,2
LMNR,0001342423,2
STC,0000094344,2
AMLX,0001658551,2
DNB,0001799208,2
CLMB,0000945983,2
MLTX,0001821586,2
DICE,0001645569,2
DTF,0000879535,2
IGR,0001268884,2
ALOT,0000008146,2
LPG,0001596993,2
BMEA,0001840439,2
SMPL,0001702744,2
RIV,0001501072,2
NTIC,0000875582,2
LOAN,0001080340,2
AMTB,0001734342,2
WABC,0000311094,2
HBAN,0000049196,2
FVCB,0001675644,2
SYBT,0000835324,2
CARE,0001829576,2
NML,0001562051,2
CNA,0000021175,2
SBCF,0000730708,2
VRNS,0001361113,2
PAGP,0001581990,2
INDB,0000776901,2
AMAL,0001823608,2
LKFN,0000721994,2
EBF,0000033002,2
HRB,0000012659,2
CLMT,0001340122,2
CCSI,0001866633,2
HCAT,0001636422,2
KVUE,0001944048,2
ANTX,0001880438,2
CNNE,0001704720,2
SYM,0001837240,2
ARLO,0001736946,2
CTOS,0001709682,2
G,0001398659,2
IIIV,0001728688,2
FNRN,0001114927,2
GOCO,0001808220,2
GBTG,0001820872,2
IPWR,0001507957,2
LCUT,0000874396,2
CSSE,0001679063,2
GM,0001467858,2
MCI,0000275694,2
MBBC,0001835385,2
OBK,0001516912,2
NOVA,0001772695,2
PRLD,0001678660,2
UGI,0000884614,2
AGNC,0001423689,2
ELA,0000701719,2
FL,0000850209,2
BIG,0000768835,2
HIBB,0001017480,2
CADEX,0001678124,2
CBUS,0001705843,2
PEBK,0001093672,2
CALC,0001534133,2
DEI,0001364250,2
DAWN,0001845337,2
COGT,0001622229,2
CRAWA,0000047307,2
ZNTL,0001725160,2
AVA,0000104918,2
CAVA,0001639438,2
MDXG,0001376339,2
BSL,0001486298,2
BGB,0001546429,2
MUX,0000314203,2
MSGE,0001952073,2
AIO,0001778114,2
PGZ,0001557523,2
TY,0000099614,2
APGE,0001974640,2
LGF.B,0000929351,2
SGMT,0001400118,2
TSBX,0001764974,2
CETFX,0001842754,2
FRME,0000712534,2
ACAX,0001897245,2
EXFY,0001476840,2
THS,0001320695,2
MRTX,0001576263,2
SKWD,0001519449,2
TNGX,0001819133,2
ML,0001807846,2
XMTR,0001657573,2
LFVN,0000849146,2
TARS,0001819790,2
FOX,0001754301,2
FSBW,0001530249,2
RVSB,0001041368,2
SENEA,0000088948,2
EVRI,0001318568,2
BYTS,0001842566,2
LMB,0001606163,2
ROOT,0001788882,2
CBSH,0000022356,2
SRI,0001043337,2
PACK,0001712463,2
SPRY,0001671858,2
DSGR,0000703604,2
QTRX,0001503274,2
SEE,0001012100,2
SMLR,0001554859,2
CNTY,0000911147,2
MGY,0001698990,2
OFIX,0000884624,2
LAW,0001625641,2
CHPT,0001777393,2
SMTC,0000088941,2
ZTR,0000836412,2
MEIP,0001262104,2
PPIH,0000914122,2
CDMO,0000704562,2
HMN,0000850141,2
KF,0000748691,2
CODA,0001334325,2
IMVT,0001764013,2
NAPA,0001835256,2
ITOS,0001808865,2
CUK,0001125259,2
CCL,0000815097,2
SGH,0001616533,2
NMCO,0001774342,2
CMC,0000022444,2
TNL,0001361658,2
KW,0001408100,2
HOUS,0001398987,2
RELY,0001782170,2
BALY,0001747079,2
STEW,0000102426,2
LXEO,0001907108,2
JPC,0001216583,2
FNA,0001531978,2
CCRD,0000320340,2
CTVA,0001755672,2
CULL,0001845799,2
GRPN,0001490281,2
SVV,0001883313,2
AGL,0001831097,2
MUA,0000901243,2
RNGR,0001699039,2
STRR,0000707388,2
VTLE,0001528129,2
RBKB,0001751783,2
VERV,0001840574,2
SCVL,0000895447,2
F,0000037996,2
ODCEX,0001783964,2
WVE,0001631574,2
CHWY,0001766502,2
DEA,0001622194,2
OOMA,0001327688,2
MDV,0001645873,2
WFCF,0001360565,2
CORFX,0001814390,2
EWTX,0001710072,2
NTG,0001490286,2
DYN,0001818794,2
SLDB,0001707502,2
RDVT,0001720116,2
SDHC,0001982518,2
BSTZ,0001768666,2
AVBP,0001868279,2
GUTS,0001572616,2
JSPR,0001788028,2
FORFX,0001857314,2
WT,0000880631,2
LRMR,0001374690,2
AYX,0001689923,2
MBUU,0001590976,2
QDEL,0001906324,2
MITT,0001514281,2
VBFC,0001290476,2
KAR,0001395942,2
MWA,0001350593,2
D,0000715957,2
ARQT,0001787306,2
IONQ,0001824920,2
AUB,0000883948,2
GDOT,0001386278,2
PCT,0001830033,2
GEO,0000923796,2
ALXO,0001810182,2
RUN,0001469367,2
RZLT,0001509261,2
RVT,0000804116,2
RMT,0000912147,2
NEA,0001195737,2
NKTX,0001787400,2
OTLK,0001649989,2
ONCT,0001260990,2
HLVX,0001888012,2
SRZN,0001824893,2
GYRO,0001589061,2
TBLD,0001820378,2
CFFI,0000913341,2
SAMG,0001549966,2
TBPH,0001583107,2
RRC,0000315852,2
ASTE,0000792987,2
MDU,0000067716,2
PK,0001617406,2
LSAK,0001041514,2
ARKR,0000779544,2
USAU,0000027093,2
PFLT,0001504619,2
HIMS,0001773751,2
STKS,0001399520,2
NCLH,0001513761,2
OPAD,0001825024,2
BOW,0002002473,2
LKQ,0001065696,2
INLX,0001081745,2
SLM,0001032033,2
NA,0001156174,2
JAKK,0001009829,2
AMSWA,0000713425,2
TBN,0001997652,2
TWFG,0002007596,2
ARTV,0001817241,2
FGBI,0001408534,2
KVYO,0001835830,2
KMI,0001506307,2
MGM,0000789570,2
CGNX,0000851205,2
ZI,0001794515,2
VREX,0001681622,2
CLVT,0001764046,2
VMEO,0001837686,2
INTT,0001036262,2
ANAB,0001370053,2
NUTX,0001479681,2
EBC,0001810546,2
MNMD,0001813814,2
WY,0000106535,2
PAHC,0001069899,2
PRO,0001392972,2
TERN,0001831363,2
BCAX,0002023658,2
DNLIX,0002000182,2
MPW,0001287865,2
GTE,0001273441,2
PIIVX,0001557265,2
TECX,0001681087,2
RAIL,0001320854,2
GRDN,0001802255,2
ENGN,0001980845,2
LUV,0000092380,2
GNL,0001526113,2
CBNA,0001392272,2
ETON,0001710340,2
PPTINC,0001080657,2
BYRN,0001354866,2
CAMP,0001736730,2
CBLL,0001861107,2
DRUG,0001827401,2
AVK,0001219120,2
INGM,0001897762,2
ROLR,0001947210,2
TYRA,0001863127,2
MRVI,0001823239,2
ZETA,0001851003,2
INSG,0001022652,2
ARRY,0001820721,2
IZTC,0002010788,2
KINS,0000033992,2
AZTA,0000933974,2
DTIL,0001357874,2
NGNE,0001404644,2
SSSS,0001509470,2
GLBZ,0000890066,2
BLBD,0001589526,2
JOF,0000859796,2
DBI,0001319947,2
GAIIX,0002026098,2
KODK,0000031235,2
OPRX,0001448431,2
OMCC,0001000045,2
OXY,0000797468,2
OKLO,0001849056,2
RAIN,0002028293,2
FLOC,0002035149,2
CAL,0000014707,2
NAN,0001074769,2
ALLY,0000040729,2
MUR,0000717423,2
SION,0002036042,2
MAGN,0000041719,2
HLIT,0000851310,2
AMTM,0002011286,2
ECG,0002015845,2
LLIAX,0002005563,2
BST,0001616678,2
CPS,0001320461,2
PPTA,0001526243,2
LUCK,0001840572,2
PRG,0001808834,2
HZO,0001057060,2
BIGC,0001626450,2
FTDR,0001727263,2
EVH,0001628908,2
VNDA,0001347178,2
ECPG,0001084961,2
CUBA,0000880406,2
RLJ,0001511337,2
NL,0000072162,2
BKU,0001504008,2
AEVA,0001789029,2
GCV.G,0000845611,1
THRX,0001745020,1
KA,0001445283,1
PMFLX,0001723701,1
GHSI,0001642375,1
RCII,0000933036,1
KMPH,0001434647,1
ISRL,0001915328,1
SVT,0000089140,1
CHSCM,0000823277,1
SOUN,0001840856,1
HSAQ,0001814114,1
CHSCL,0000823277,1
NA,0001885778,1
MSGM,0001821175,1
FUNC,0000763907,1
RSF,0001644771,1
WASH,0000737468,1
SKYW,0000793733,1
GLV,0001288795,1
CCCC,0001662579,1
CENQU,0001841425,1
FRSH,0001544522,1
ASPS,0001462418,1
ANNX,0001528115,1
FLUX,0001083743,1
DISTU,0001818605,1
RCM,0001910851,1
GHM,0000716314,1
GEOS,0001001115,1
DZSI,0001101680,1
IMRA,0001672619,1
NOTV,0000720154,1
VYGR,0001640266,1
OMGA,0001850838,1
ELVN,0001672619,1
HT,0001063344,1
GIM,0000828803,1
FIGS,0001846576,1
ACCO,0000712034,1
ALHC,0001832466,1
MYOV,0001679082,1
TURN,0000893739,1
SLVM,0001856485,1
VEL,0001692376,1
FSFG,0001435508,1
XPO,0001166003,1
NVAX,0001000694,1
BCML,0001730984,1
RAPT,0001673772,1
FBP,0001057706,1
EQH,0001333986,1
WAL,0001212545,1
DX,0000826675,1
PRTS,0001378950,1
FTAI,0001590364,1
AMNB,0000741516,1
FFWM,0001413837,1
WMB,0000107263,1
DTC,0001870600,1
RLYB,0001739410,1
UNM,0000005513,1
FFBW,0001787384,1
MXC,0000066418,1
SPWR,0000867773,1
FHB,0000036377,1
ESQ,0001531031,1
EVN,0001074540,1
CPRI,0001530721,1
LEU,0001065059,1
FFBC,0000708955,1
INN,0001497645,1
ESTE,0000010254,1
ARLP,0001086600,1
NSYS,0000722313,1
AEL,0001039828,1
PDI,0001510599,1
SLG,0001040971,1
KSS,0000885639,1
KMF,0001500096,1
WOOF,0001826470,1
MAIN,0001396440,1
PFHC,0001881487,1
TBMCU,0001934945,1
N.A.,0001163609,1
BSTG,0001563665,1
HCI,0001400810,1
HBCP,0001436425,1
SUP,0000095552,1
HWC,0000750577,1
CATY,0000861842,1
WSFS,0000828944,1
FBSPX,0001794041,1
GSBC,0000854560,1
BSRR,0001130144,1
HBNC,0000706129,1
FCBC,0000859070,1
CATC,0000711772,1
TFSL,0001381668,1
USAP,0000931584,1
SAR,0001377936,1
CPF,0000701347,1
RPHM,0001637715,1
GSBD,0001572694,1
ARI,0001467760,1
SLRN,0001962918,1
FDMT,0001650648,1
VVI,0000884219,1
TWST,0001581280,1
WW,0000105319,1
FCX,0000831259,1
SSRM,0000921638,1
ONL,0001873923,1
INZY,0001693011,1
CENX,0000949157,1
FBRT,0001562528,1
CAC,0000750686,1
TOST,0001650164,1
VTNR,0000890447,1
JXN,0001822993,1
UPST,0001647639,1
INSM,0001104506,1
APLD,0001144879,1
AGS,0001593548,1
FTLF,0001374328,1
PECO,0001476204,1
GEN,0000849399,1
HOFV,0001708176,1
DMRC,0001438231,1
TPC,0000077543,1
CNO,0001224608,1
EVLV,0001805385,1
VGAS,0001841425,1
HLMN,0001822492,1
DLA,0001101396,1
UGRO,0001706524,1
FBMS,0000947559,1
EFSC,0001025835,1
NVT,0001720635,1
ACAD,0001070494,1
CELC,0001603454,1
CLAR,0000913277,1
LPCN,0001535955,1
SIRE,0001575051,1
DRVN,0001804745,1
BXSL,0001736035,1
BXP,0001037540,1
TCBK,0000356171,1
ACHV,0000949858,1
TTEC,0001013880,1
AL,0001487712,1
CBRG,0001845149,1
ERH,0001279014,1
ERC,0001227073,1
EAD,0001210123,1
EIG,0001379041,1
LASAX,0001855299,1
DMB,0001565381,1
CSTL,0001447362,1
LIFX,0001581760,1
ACIW,0000935036,1
TACT,0001017303,1
MOD,0000067347,1
NVRO,0001444380,1
CRNX,0001658247,1
HCP,0001720671,1
AKYA,0001711933,1
CC,0001627223,1
VRT,0001674101,1
GBNY,0001823365,1
MSVB,0001734875,1
JOE,0000745308,1
SMAR,0001366561,1
COHR,0000820318,1
LBTY,0001570585,1
BOF,0001962481,1
KURA,0001422143,1
WVVI,0000838875,1
AZTR,0001701478,1
LCID,0001811210,1
NIE,0001383441,1
NFJ,0001260563,1
MAX,0001818383,1
AULT,0000896493,1
NETD.U,0001975218,1
ABOS,0001576885,1
BVFL,0001302387,1
NA,0001755755,1
ELIQ,0001827871,1
MNRO,0000876427,1
HOG,0000793952,1
RBCAA,0000921557,1
ULH,0001308208,1
MIRA,0001904286,1
NDAQ,0001120193,1
SKLZ,0001801661,1
CRTO,0001576427,1
SASR,0000824410,1
SABR,0001597033,1
VTGN,0001411685,1
LESL,0001821806,1
NMZ,0001266585,1
SAGE,0001597553,1
AHCO,0001725255,1
SGTX,0001821323,1
BROS,0001866581,1
EOLS,0001570562,1
SMR,0001822966,1
FINW,0001856365,1
MQ,0001522540,1
NR,0000071829,1
TPIC,0001455684,1
OUT,0001579877,1
DPSI,0001505611,1
EVER,0001640428,1
CERT,0001827090,1
CMBM,0001738177,1
NI,0001111711,1
POWWP,0001015383,1
SEVN,0001452477,1
INBX,0001739614,1
NH,0001566469,1
CUTR,0001162461,1
SNCY,0001743907,1
CTLT,0001596783,1
HLGN,0001840292,1
UVE,0000891166,1
PGTI,0001354327,1
DOCN,0001582961,1
VGR,0000059440,1
PPSI,0001449792,1
DOC,0001574540,1
ROL,0000084839,1
LTRX,0001114925,1
UWMC,0001783398,1
UNB,0000706863,1
LE,0000799288,1
HEPA,0001583771,1
RYZB,0001825367,1
DV,0001819928,1
WIW,0001267902,1
WIA,0001254370,1
CHN,0000845379,1
SKIL,0001774675,1
CAG,0000023217,1
AGX,0000100591,1
QETAU,0001978528,1
AMAM,0001990550,1
LUXH,0001893311,1
TRU,0001552033,1
GBX,0000923120,1
ROIC,0001407623,1
GOVB,0001978811,1
BAC,0000070858,1
DIN,0000049754,1
MO,0000764180,1
TCX,0000909494,1
WFC,0000072971,1
MUI,0001232860,1
BRP,0001781755,1
SKX,0001065837,1
ALPN,0001626199,1
T,0000732717,1
PMX,0001181506,1
SGN,0001898474,1
RPTX,0001808158,1
SCU,0001403256,1
GREE,0001844971,1
AVNT,0001122976,1
IRDM,0001418819,1
BKE,0000885245,1
EPIX,0001633932,1
UDMY,0001607939,1
OAK-PA,0001403528,1
MDAI,0001833498,1
EDI,0001551040,1
VWE,0001834045,1
VSTO,0001616318,1
PTY,0001190935,1
CRWS,0000025895,1
DDD,0000910638,1
CRCT,0001828962,1
AFJK,0001979005,1
VWFB,0001913838,1
BOOM,0000034067,1
SDHY,0001812923,1
TELA,0001561921,1
TRMB,0000864749,1
CTCX,0001842939,1
PFL,0001244183,1
ARIS,0001865187,1
SBH,0001368458,1
ASUR,0000884144,1
PTCT,0001070081,1
NODK,0001681206,1
FPF,0001567569,1
AOUT,0001808997,1
BEEP,0001847874,1
SING,0001443611,1
LQR,0001843165,1
MAYS,0000054187,1
MOBX,0001855467,1
ELTX,0001601485,1
KRP,0001657788,1
ADEX.U,0001830029,1
LSXMK,0001082114,1
LSXMA,0001082114,1
LCPMX,0001869040,1
TTP,0001526329,1
NDP,0001547158,1
TYG,0001268533,1
WS,0001968487,1
LADR,0001577670,1
JGH,0001615905,1
MSDL,0001782524,1
PML,0001170299,1
PNF,0001140410,1
PNI,0001170311,1
PFLEX,0001688554,1
CGON,0001991792,1
SANA,0001770121,1
HLXB,0001869105,1
NAIFX,0001944664,1
PEPG,0001835597,1
PMNT,0001849221,1
NGL,0001504461,1
MGX,0001785279,1
TELO,0001971532,1
LBAI,0000846901,1
LNT,0000352541,1
PRME,0001894562,1
ENR,0001632790,1
NWE,0001993004,1
ITI,0000350868,1
OGN,0001821825,1
OCUL,0001393434,1
WU,0001365135,1
FOF,0001375340,1
AMRK,0001591588,1
CFNB,0000803016,1
MDRX,0001124804,1
DVN,0001090012,1
AFT,0001502573,1
DOC,0000765880,1
JBGS,0001689796,1
HGV,0001674168,1
BKD,0001332349,1
SILK,0001397702,1
NLOP,0001952976,1
RVNC,0001479290,1
HARP,0001708493,1
APRE,0001781983,1
STHO,0001953366,1
SKYE,0001516551,1
VICI,0001705696,1
FECOF,0001818416,1
AKR,0000899629,1
ARWR,0000879407,1
ALAB,0001736297,1
PPBI,0001028918,1
MMIRX,0001995668,1
MMIPX,0001995668,1
MMIOX,0001995668,1
MMIVX,0001995668,1
RDDT,0001713445,1
BOLD,0001782303,1
JRI,0001539337,1
S,0001583708,1
SCOR,0001158172,1
ANGO,0001275187,1
PGY,0001883085,1
ATLC,0001464343,1
ACRV,0001781174,1
ULS,0001901440,1
FINS,0001745059,1
LOAR,0002000178,1
ATOM,0001420520,1
LEVI,0000094845,1
ST,0001477294,1
KLIC,0000056978,1
TRUP,0001371285,1
XPEL,0001767258,1
USAC,0001522727,1
SXC,0001514705,1
VMD,0001729149,1
VSH,0000103730,1
EDIT,0001650664,1
OVV,0001792580,1
BII,0001955857,1
IRBT,0001159167,1
TMP,0001005817,1
ACTG,0000934549,1
SRG,0001628063,1
LFWD,0001607962,1
SSTK,0001549346,1
METC,0001687187,1
BHF,0001685040,1
ATRC,0001323885,1
SUN,0001552275,1
AMSF,0001018979,1
RWT,0000930236,1
BCOW,0001847360,1
SPTN,0000877422,1
Z,0001617640,1
CDTX,0001610618,1
WAY,0001990354,1
GXO,0001852244,1
PRM,0001880319,1
KPRX,0001372514,1
PBFS,0001769663,1
LXP,0000910108,1
SR,0001126956,1
SNDX,0001395937,1
FDP,0001047340,1
NGS,0001084991,1
CATX,0000728387,1
ALNT,0000046129,1
VRE,0000924901,1
FSHP,0001850059,1
SCD,0001270131,1
CNGL,0001867443,1
HOFT,0001077688,1
HGLB,0001622148,1
ALMS,0001847367,1
LB,0001995807,1
VETZ,0001742912,1
IFN,0000917100,1
RGP,0001084765,1
PDCC,0001998043,1
SCHL,0000866729,1
MXL,0001288469,1
ZYXI,0000846475,1
NEXT,0001612720,1
VCNX,0001205922,1
AAM,0002012964,1
BLCO,0001860742,1
PIRS,0001583648,1
ODP,0000800240,1
MRC,0001439095,1
ACTU,0001652935,1
WRBY,0001504776,1
PZZA,0000901491,1
CEP,0001865602,1
AZEK,0001782754,1
EQVU,0002021042,1
BVS,0001665988,1
PSNL,0001527753,1
LUNG,0001127537,1
CRVO,0001053691,1
GOF,0001380936,1
ATLN,0001605888,1
PRLB,0001443669,1
MTEX,0001056358,1
ASTS,0001780312,1
MFIN,0001000209,1
CCD,0001602584,1
CHI,0001171471,1
CHY,0001222719,1
DALN,0001413898,1
CGNT,0001824814,1
VSAT,0000797721,1
OMIC,0001850906,1
HCWC,0001948864,1
YEXT,0001614178,1
YHNAU,0002020987,1
BASE,0001845022,1
TSQ,0001499832,1
AB,0000825313,1
CAPR,0001133869,1
ARQ,0001515156,1
ECF,0000793040,1
BKV,0001838406,1
SARO,0002025410,1
GRAL,0001699031,1
BBWI,0000701985,1
GDV.M,0001260729,1
WOR,0000108516,1
RQI,0001157842,1
UPB,0002022626,1
VERB,0001566610,1
SNWV,0001417663,1
SNYR,0001562733,1
EIIA,0001896036,1
MNPR,0001645469,1
SKYH,0001823587,1
MRTN,0000799167,1
SNWVD,0001417663,1
NWTOU,0002028027,1
RGR,0000095029,1
BACQ,0002028707,1
BBGI,0001099160,1
HDSN,0000925528,1
CLDX,0000744218,1
ARDT,0001756655,1
SWIM,0001833197,1
AVTX,0001534120,1
FPMYX,0001957121,1
ACOG,0001655923,1
BCPL,0001726548,1
MPLN,0001793229,1
ASIX,0001673985,1
KELYA,0000055135,1
VALF,0002022674,1
SUAC,0001885461,1
FBLA,0002013639,1
FBRX,0001419041,1
PBI,0000078814,1
AGFY,0001800637,1
CDXC,0001386570,1
VRM,0001580864,1
NEM,0001164727,1
GAIAX,0002026098,1
CEAD,0001482541,1
APA,0001841666,1
PRPO,0001043961,1
INVX,0001042893,1
FOA,0001828937,1
ODIF,0001870714,1
RYAM,0001597672,1
DHCIX,0002022290,1
XPRO,0001575828,1
BCYC,0001761612,1
PLES,0001625101,1
CRDF,0001213037,1
KVHI,0001007587,1
CADL,0001841387,1
MCN,0001289868,1
NX,0001423221,1
PVLA,0001583648,1
AGR,0001634997,1
CCCS,0001818201,1
PGNY,0001551306,1
IONS,0000874015,1
OSBC,0000357173,1
KALA,0001479419,1
GCT,0001857816,1
FUND,0000825202,1
LFCR,0001005286,1
CEPO,0002027708,1
GGZ,0001585855,1
CADCX,0001678124,1
XALFX,0002022674,1
SFD,0000091388,1
CSQ,0001275214,1
BBNX,0001674632,1
MTSR,0002040807,1
INR,0002029118,1
OLN,0000074303,1
JBLU,0001158463,1
KFII,0002029976,1
ENTA,0001177648,1
HBI,0001359841,1
FOR,0001406587,1
AARD,0001774857,1
NPB,0001336706,1
HL,0000719413,1
EXG,0001379438,1
PDFS,0001120914,1
DFIN,0001669811,1
TXG,0001770787,1
BTU,0001064728,1
GCADX,0001796242,1
ARDX,0001437402,1
AMKR,0001047127,1
MATW,0000063296,1
CRSP,0001674416,1
CDE,0000215466,1
SLNG,0001043186,1
FLYW,0001580560,1
OMI,0000075252,1
VERX,0001806837,1
MRNA,0001682852,1
FERA,0002025401,1
FLGT,0001674930,1
AORT,0000784199,1
CLMT,0002013745,1
CWH,0001669779,1
NPKI,0000071829,1
LSF,0001650696,1
VAL,0000314808,1
NATL,0001974138,1
BUR,0001714174,1
CTEV,0001793229,1
FA,0001210677,1
NCMI,0001377630,1
BRKR,0001109354,1
DRH,0001298946,1
HGTY,0001840776,1
PTEN,0000889900,1
SERV,0001832483,1
UCB,0000857855,1
FSUN,0001709442,1
MYO,0001369290,1
KNX,0001492691,1
PTLO,0001871509,1
BBCP,0001703956,1
ALT,0001326190,1
AMPL,0001866692,1
BCSF,0001655050,1
LVS,0001300514,1
OMCL,0000926326,1
IMCR,0001671927,1
TROX,0001530804,1
RIOT,0001167419,1
TAKNX,0001725472,1
GLUE,0001826457,1
MOALX,0002029852,1
GSHR,0002044635,1
LIVE,0001045742,1
XALFA,0002022674,1
DAKT,0000915779,1
TEAF,0001704299,1
